user_id,role_id
MF001,ZPP_SUPERVISOR
MF001,ZQM_INSPECTOR
MF002,ZPP_PLANNER
MF003,ZPP_SUPERVISOR
MF003,ZPP_PLANNER
MF004,ZPP_OPERATOR
MF005,ZPP_PLANNER
MF006,ZPP_PLANNER
MF006,ZQM_MANAGER
MF007,ZPP_SUPERVISOR
MF008,ZPP_SUPERVISOR
MF009,ZPP_OPERATOR
MF010,ZPP_SUPERVISOR
MF010,ZPP_OPERATOR
MF011,ZQM_MANAGER
MF011,ZQM_AUDITOR
MF012,ZQM_INSPECTOR
MF013,ZQM_INSPECTOR
MF013,ZQM_MANAGER
MF014,ZQM_INSPECTOR
MF015,ZQM_INSPECTOR
MF015,ZMM_HANDLER
MF016,ZQM_INSPECTOR
MF017,ZQM_AUDITOR
MF018,ZQM_INSPECTOR
MF019,ZQM_INSPECTOR
MF020,ZQM_INSPECTOR
MF021,ZPM_PLANNER
MF021,ZPM_ENGINEER
MF022,ZPM_PLANNER
MF023,ZPM_TECHNICIAN
MF024,ZPM_ENGINEER
MF025,ZPM_TECHNICIAN
MF026,ZPM_PLANNER
MF026,ZPM_TECHNICIAN
MF027,ZPM_TECHNICIAN
MF028,ZPM_PLANNER
MF028,ZIT_BASIS
MF029,ZPM_TECHNICIAN
MF029,ZQM_INSPECTOR
MF030,ZPM_PLANNER
MF030,ZPM_TECHNICIAN
MF031,ZMM_BUYER
MF031,ZPP_PLANNER
MF032,ZMM_BUYER
MF032,ZPP_PLANNER
MF033,ZPP_PLANNER
MF034,ZPP_PLANNER
MF034,ZMM_BUYER
MF035,ZMM_BUYER
MF036,ZMM_BUYER
MF037,ZSD_SHIPPING
MF037,ZMM_HANDLER
MF038,ZMM_BUYER
MF039,ZMM_BUYER
MF039,ZFI_AP
MF040,ZMM_BUYER
MF040,ZPP_PLANNER
MF041,ZMM_WAREHOUSE
MF041,ZMM_INVENTORY
MF042,ZMM_WAREHOUSE
MF043,ZMM_HANDLER
MF044,ZMM_INVENTORY
MF044,ZMM_HANDLER
MF045,ZMM_HANDLER
MF045,ZMM_WAREHOUSE
MF046,ZSD_SHIPPING
MF046,ZMM_HANDLER
MF047,ZMM_HANDLER
MF048,ZMM_INVENTORY
MF049,ZMM_HANDLER
MF050,ZMM_HANDLER
MF051,ZPP_PLANNER
MF051,ZQM_MANAGER
MF052,ZPP_PLANNER
MF053,ZPP_PLANNER
MF054,ZPP_PLANNER
MF055,ZPP_PLANNER
MF056,ZPP_PLANNER
MF057,ZPP_PLANNER
MF057,ZIT_BASIS
MF058,ZPP_PLANNER
MF059,ZPP_PLANNER
MF059,ZPP_SUPERVISOR
MF060,ZPP_PLANNER
MF061,ZEHS_COORD
MF061,ZQM_MANAGER
MF062,ZEHS_COORD
MF063,ZEHS_COORD
MF064,ZEHS_COORD
MF065,ZEHS_COORD
MF066,ZEHS_COORD
MF067,ZEHS_COORD
MF068,ZEHS_COORD
MF068,ZQM_AUDITOR
MF069,ZEHS_COORD
MF070,ZEHS_COORD
MF070,ZHR_ADMIN
MF071,ZHR_ADMIN
MF072,ZHR_ADMIN
MF073,ZHR_ADMIN
MF073,ZFI_AP
MF074,ZHR_ADMIN
MF075,ZHR_ADMIN
MF076,ZHR_ADMIN
MF077,ZHR_ADMIN
MF078,ZHR_ADMIN
MF079,ZHR_ADMIN
MF080,ZHR_ADMIN
MF081,ZFI_GL
MF081,ZFI_COST
MF082,ZFI_COST
MF083,ZFI_AP
MF084,ZFI_GL
MF085,ZFI_GL
MF085,ZFI_COST
MF086,ZFI_GL
MF087,ZFI_COST
MF087,ZFI_GL
MF088,ZFI_COST
MF089,ZFI_GL
MF090,ZFI_AP
MF091,ZIT_BASIS
MF092,ZIT_BASIS
MF093,ZIT_BASIS
MF094,ZIT_BASIS
MF095,ZIT_BASIS
MF096,ZIT_BASIS
MF097,ZIT_BASIS
MF098,ZIT_BASIS
MF099,ZFI_COST
MF099,ZPP_SUPERVISOR
MF100,ZPP_SUPERVISOR
MF100,ZFI_COST
MF101,ZPP_SUPERVISOR
MF102,ZPP_PLANNER
MF103,ZPP_SUPERVISOR
MF104,ZPP_OPERATOR
MF105,ZPP_PLANNER
MF106,ZPP_PLANNER
MF107,ZPP_SUPERVISOR
MF108,ZPP_SUPERVISOR
MF109,ZPP_OPERATOR
MF110,ZPP_SUPERVISOR
MF111,ZPP_SUPERVISOR
MF112,ZPP_OPERATOR
MF113,ZPP_PLANNER
MF114,ZPP_PLANNER
MF115,ZPP_OPERATOR
MF116,ZPP_OPERATOR
MF117,ZPP_OPERATOR
MF118,ZPP_OPERATOR
MF119,ZPP_OPERATOR
MF120,ZPP_OPERATOR
MF121,ZPP_SUPERVISOR
MF122,ZPP_PLANNER
MF123,ZPP_SUPERVISOR
MF124,ZPP_OPERATOR
MF125,ZPP_PLANNER
MF126,ZPP_PLANNER
MF127,ZPP_SUPERVISOR
MF128,ZPP_SUPERVISOR
MF129,ZPP_OPERATOR
MF130,ZPP_SUPERVISOR
MF131,ZPP_SUPERVISOR
MF132,ZPP_OPERATOR
MF133,ZPP_PLANNER
MF134,ZPP_PLANNER
MF135,ZPP_OPERATOR
MF136,ZPP_OPERATOR
MF137,ZPP_OPERATOR
MF138,ZPP_OPERATOR
MF139,ZPP_OPERATOR
MF140,ZPP_OPERATOR
MF141,ZPP_SUPERVISOR
MF142,ZPP_PLANNER
MF143,ZPP_SUPERVISOR
MF144,ZPP_OPERATOR
MF145,ZPP_PLANNER
MF146,ZPP_PLANNER
MF147,ZPP_SUPERVISOR
MF148,ZPP_SUPERVISOR
MF149,ZPP_OPERATOR
MF150,ZPP_SUPERVISOR
MF151,ZPP_SUPERVISOR
MF152,ZPP_OPERATOR
MF153,ZPP_PLANNER
MF154,ZPP_PLANNER
MF155,ZPP_OPERATOR
MF156,ZPP_OPERATOR
MF157,ZPP_OPERATOR
MF158,ZPP_OPERATOR
MF159,ZPP_OPERATOR
MF160,ZPP_OPERATOR
MF161,ZPP_SUPERVISOR
MF162,ZPP_PLANNER
MF163,ZPP_SUPERVISOR
MF164,ZPP_OPERATOR
MF165,ZPP_PLANNER
MF166,ZPP_PLANNER
MF167,ZPP_SUPERVISOR
MF168,ZPP_SUPERVISOR
MF169,ZPP_OPERATOR
MF170,ZPP_SUPERVISOR
MF171,ZPP_SUPERVISOR
MF172,ZPP_OPERATOR
MF173,ZPP_PLANNER
MF174,ZPP_PLANNER
MF175,ZPP_OPERATOR
MF176,ZPP_OPERATOR
MF177,ZPP_OPERATOR
MF178,ZPP_OPERATOR
MF179,ZPP_OPERATOR
MF180,ZPP_OPERATOR
MF181,ZPP_SUPERVISOR
MF182,ZPP_PLANNER
MF183,ZPP_SUPERVISOR
MF184,ZPP_OPERATOR
MF185,ZPP_PLANNER
MF186,ZPP_PLANNER
MF187,ZPP_SUPERVISOR
MF188,ZPP_SUPERVISOR
MF189,ZPP_OPERATOR
MF190,ZPP_SUPERVISOR
MF191,ZPP_SUPERVISOR
MF192,ZPP_OPERATOR
MF193,ZPP_PLANNER
MF194,ZPP_PLANNER
MF195,ZPP_OPERATOR
MF196,ZPP_OPERATOR
MF197,ZPP_OPERATOR
MF198,ZPP_OPERATOR
MF199,ZPP_OPERATOR
MF200,ZPP_OPERATOR
MF201,ZPP_SUPERVISOR
MF202,ZPP_PLANNER
MF203,ZPP_SUPERVISOR
MF204,ZPP_OPERATOR
MF205,ZPP_PLANNER
MF206,ZPP_PLANNER
MF207,ZPP_SUPERVISOR
MF208,ZPP_SUPERVISOR
MF209,ZPP_OPERATOR
MF210,ZPP_SUPERVISOR
MF211,ZPP_SUPERVISOR
MF212,ZPP_OPERATOR
MF213,ZPP_PLANNER
MF214,ZPP_PLANNER
MF215,ZPP_OPERATOR
MF216,ZPP_OPERATOR
MF217,ZPP_OPERATOR
MF218,ZPP_OPERATOR
MF219,ZPP_OPERATOR
MF220,ZPP_OPERATOR
MF221,ZPP_SUPERVISOR
MF222,ZPP_PLANNER
MF223,ZPP_SUPERVISOR
MF224,ZPP_OPERATOR
MF225,ZPP_PLANNER
MF226,ZPP_PLANNER
MF227,ZPP_SUPERVISOR
MF228,ZPP_SUPERVISOR
MF229,ZPP_OPERATOR
MF230,ZPP_SUPERVISOR
MF231,ZPP_SUPERVISOR
MF232,ZPP_OPERATOR
MF233,ZPP_PLANNER
MF234,ZPP_PLANNER
MF235,ZPP_OPERATOR
MF236,ZPP_OPERATOR
MF237,ZPP_OPERATOR
MF238,ZPP_OPERATOR
MF239,ZPP_OPERATOR
MF240,ZPP_OPERATOR
MF241,ZPP_SUPERVISOR
MF242,ZPP_PLANNER
MF243,ZPP_SUPERVISOR
MF244,ZPP_OPERATOR
MF245,ZPP_PLANNER
MF246,ZPP_PLANNER
MF247,ZPP_SUPERVISOR
MF248,ZPP_SUPERVISOR
MF249,ZPP_OPERATOR
MF250,ZPP_SUPERVISOR
MF251,ZPP_SUPERVISOR
MF252,ZPP_OPERATOR
MF253,ZPP_PLANNER
MF254,ZPP_PLANNER
MF255,ZPP_OPERATOR
MF256,ZPP_OPERATOR
MF257,ZPP_OPERATOR
MF258,ZPP_OPERATOR
MF259,ZPP_OPERATOR
MF260,ZPP_OPERATOR
MF261,ZPP_SUPERVISOR
MF262,ZPP_PLANNER
MF263,ZPP_SUPERVISOR
MF264,ZPP_OPERATOR
MF265,ZPP_PLANNER
MF266,ZPP_PLANNER
MF267,ZPP_SUPERVISOR
MF268,ZPP_SUPERVISOR
MF269,ZPP_OPERATOR
MF270,ZPP_SUPERVISOR
MF271,ZPP_SUPERVISOR
MF272,ZPP_OPERATOR
MF273,ZPP_PLANNER
MF274,ZPP_PLANNER
MF275,ZPP_OPERATOR
MF276,ZPP_OPERATOR
MF277,ZPP_OPERATOR
MF278,ZPP_OPERATOR
MF279,ZPP_OPERATOR
MF280,ZPP_OPERATOR
MF281,ZPP_SUPERVISOR
MF282,ZPP_PLANNER
MF283,ZPP_SUPERVISOR
MF284,ZPP_OPERATOR
MF285,ZPP_PLANNER
MF286,ZPP_PLANNER
MF287,ZPP_SUPERVISOR
MF288,ZPP_SUPERVISOR
MF289,ZPP_OPERATOR
MF290,ZPP_SUPERVISOR
MF291,ZPP_SUPERVISOR
MF292,ZPP_OPERATOR
MF293,ZPP_PLANNER
MF294,ZPP_PLANNER
MF295,ZPP_OPERATOR
MF296,ZPP_OPERATOR
MF297,ZPP_OPERATOR
MF298,ZPP_OPERATOR
MF299,ZPP_OPERATOR
MF300,ZPP_OPERATOR
MF301,ZPP_SUPERVISOR
MF302,ZPP_PLANNER
MF303,ZPP_SUPERVISOR
MF304,ZPP_OPERATOR
MF305,ZPP_PLANNER
MF306,ZPP_PLANNER
MF307,ZPP_SUPERVISOR
MF308,ZPP_SUPERVISOR
MF309,ZPP_OPERATOR
MF310,ZPP_SUPERVISOR
MF311,ZPP_SUPERVISOR
MF312,ZPP_OPERATOR
MF313,ZPP_PLANNER
MF314,ZPP_PLANNER
MF315,ZPP_OPERATOR
MF316,ZPP_OPERATOR
MF317,ZPP_OPERATOR
MF318,ZPP_OPERATOR
MF319,ZPP_OPERATOR
MF320,ZPP_OPERATOR
MF321,ZQM_MANAGER
MF321,ZQM_AUDITOR
MF322,ZQM_INSPECTOR
MF323,ZQM_INSPECTOR
MF323,ZQM_MANAGER
MF324,ZQM_INSPECTOR
MF325,ZQM_INSPECTOR
MF326,ZQM_AUDITOR
MF327,ZQM_INSPECTOR
MF328,ZQM_INSPECTOR
MF329,ZQM_INSPECTOR
MF330,ZQM_INSPECTOR
MF331,ZQM_INSPECTOR
MF331,ZQM_MANAGER
MF332,ZQM_INSPECTOR
MF333,ZQM_MANAGER
MF333,ZQM_AUDITOR
MF334,ZQM_INSPECTOR
MF335,ZQM_INSPECTOR
MF335,ZQM_MANAGER
MF336,ZQM_INSPECTOR
MF337,ZQM_INSPECTOR
MF338,ZQM_AUDITOR
MF339,ZQM_INSPECTOR
MF340,ZQM_INSPECTOR
MF341,ZQM_INSPECTOR
MF342,ZQM_INSPECTOR
MF343,ZQM_INSPECTOR
MF343,ZQM_MANAGER
MF344,ZQM_INSPECTOR
MF345,ZQM_MANAGER
MF345,ZQM_AUDITOR
MF346,ZQM_INSPECTOR
MF347,ZQM_INSPECTOR
MF347,ZQM_MANAGER
MF348,ZQM_INSPECTOR
MF349,ZQM_INSPECTOR
MF350,ZQM_AUDITOR
MF351,ZQM_INSPECTOR
MF352,ZQM_INSPECTOR
MF353,ZQM_INSPECTOR
MF354,ZQM_INSPECTOR
MF355,ZQM_INSPECTOR
MF355,ZQM_MANAGER
MF356,ZQM_INSPECTOR
MF357,ZQM_MANAGER
MF357,ZQM_AUDITOR
MF358,ZQM_INSPECTOR
MF359,ZQM_INSPECTOR
MF359,ZQM_MANAGER
MF360,ZQM_INSPECTOR
MF361,ZQM_INSPECTOR
MF362,ZQM_AUDITOR
MF363,ZQM_INSPECTOR
MF364,ZQM_INSPECTOR
MF365,ZQM_INSPECTOR
MF366,ZQM_INSPECTOR
MF367,ZQM_INSPECTOR
MF367,ZQM_MANAGER
MF368,ZQM_INSPECTOR
MF369,ZQM_MANAGER
MF369,ZQM_AUDITOR
MF370,ZQM_INSPECTOR
MF371,ZQM_INSPECTOR
MF371,ZQM_MANAGER
MF372,ZQM_INSPECTOR
MF373,ZQM_INSPECTOR
MF374,ZQM_AUDITOR
MF375,ZQM_INSPECTOR
MF376,ZQM_INSPECTOR
MF377,ZQM_INSPECTOR
MF378,ZQM_INSPECTOR
MF379,ZQM_INSPECTOR
MF379,ZQM_MANAGER
MF380,ZQM_INSPECTOR
MF381,ZQM_MANAGER
MF381,ZQM_AUDITOR
MF382,ZQM_INSPECTOR
MF383,ZQM_INSPECTOR
MF383,ZQM_MANAGER
MF384,ZQM_INSPECTOR
MF385,ZQM_INSPECTOR
MF386,ZQM_AUDITOR
MF387,ZQM_INSPECTOR
MF388,ZQM_INSPECTOR
MF389,ZQM_INSPECTOR
MF390,ZQM_INSPECTOR
MF391,ZQM_INSPECTOR
MF391,ZQM_MANAGER
MF392,ZQM_INSPECTOR
MF393,ZQM_MANAGER
MF393,ZQM_AUDITOR
MF394,ZQM_INSPECTOR
MF395,ZQM_INSPECTOR
MF395,ZQM_MANAGER
MF396,ZQM_INSPECTOR
MF397,ZQM_INSPECTOR
MF398,ZQM_AUDITOR
MF399,ZQM_INSPECTOR
MF400,ZQM_INSPECTOR
MF401,ZQM_INSPECTOR
MF402,ZQM_INSPECTOR
MF403,ZQM_INSPECTOR
MF403,ZQM_MANAGER
MF404,ZQM_INSPECTOR
MF405,ZQM_MANAGER
MF405,ZQM_AUDITOR
MF406,ZQM_INSPECTOR
MF407,ZQM_INSPECTOR
MF407,ZQM_MANAGER
MF408,ZQM_INSPECTOR
MF409,ZQM_INSPECTOR
MF410,ZQM_AUDITOR
MF411,ZPM_PLANNER
MF411,ZPM_ENGINEER
MF412,ZPM_PLANNER
MF413,ZPM_TECHNICIAN
MF414,ZPM_PLANNER
MF414,ZPM_ENGINEER
MF415,ZPM_PLANNER
MF416,ZPM_PLANNER
MF417,ZPM_TECHNICIAN
MF418,ZPM_TECHNICIAN
MF419,ZPM_TECHNICIAN
MF420,ZPM_TECHNICIAN
MF421,ZPM_TECHNICIAN
MF422,ZPM_PLANNER
MF422,ZPM_ENGINEER
MF423,ZPM_PLANNER
MF423,ZPM_ENGINEER
MF424,ZPM_PLANNER
MF425,ZPM_TECHNICIAN
MF426,ZPM_PLANNER
MF426,ZPM_ENGINEER
MF427,ZPM_PLANNER
MF428,ZPM_PLANNER
MF429,ZPM_TECHNICIAN
MF430,ZPM_TECHNICIAN
MF431,ZPM_TECHNICIAN
MF432,ZPM_TECHNICIAN
MF433,ZPM_TECHNICIAN
MF434,ZPM_PLANNER
MF434,ZPM_ENGINEER
MF435,ZPM_PLANNER
MF435,ZPM_ENGINEER
MF436,ZPM_PLANNER
MF437,ZPM_TECHNICIAN
MF438,ZPM_PLANNER
MF438,ZPM_ENGINEER
MF439,ZPM_PLANNER
MF440,ZPM_PLANNER
MF441,ZPM_TECHNICIAN
MF442,ZPM_TECHNICIAN
MF443,ZPM_TECHNICIAN
MF444,ZPM_TECHNICIAN
MF445,ZPM_TECHNICIAN
MF446,ZPM_PLANNER
MF446,ZPM_ENGINEER
MF447,ZPM_PLANNER
MF447,ZPM_ENGINEER
MF448,ZPM_PLANNER
MF449,ZPM_TECHNICIAN
MF450,ZPM_PLANNER
MF450,ZPM_ENGINEER
MF451,ZPM_PLANNER
MF452,ZPM_PLANNER
MF453,ZPM_TECHNICIAN
MF454,ZPM_TECHNICIAN
MF455,ZPM_TECHNICIAN
MF456,ZPM_TECHNICIAN
MF457,ZPM_TECHNICIAN
MF458,ZPM_PLANNER
MF458,ZPM_ENGINEER
MF459,ZPM_PLANNER
MF459,ZPM_ENGINEER
MF460,ZPM_PLANNER
MF461,ZPM_TECHNICIAN
MF462,ZPM_PLANNER
MF462,ZPM_ENGINEER
MF463,ZPM_PLANNER
MF464,ZPM_PLANNER
MF465,ZPM_TECHNICIAN
MF466,ZPM_TECHNICIAN
MF467,ZPM_TECHNICIAN
MF468,ZPM_TECHNICIAN
MF469,ZPM_TECHNICIAN
MF470,ZPM_PLANNER
MF470,ZPM_ENGINEER
MF471,ZPM_PLANNER
MF471,ZPM_ENGINEER
MF472,ZPM_PLANNER
MF473,ZPM_TECHNICIAN
MF474,ZPM_PLANNER
MF474,ZPM_ENGINEER
MF475,ZPM_PLANNER
MF476,ZPM_PLANNER
MF477,ZPM_TECHNICIAN
MF478,ZPM_TECHNICIAN
MF479,ZPM_TECHNICIAN
MF480,ZPM_TECHNICIAN
MF481,ZPM_TECHNICIAN
MF482,ZPM_PLANNER
MF482,ZPM_ENGINEER
MF483,ZPM_PLANNER
MF483,ZPM_ENGINEER
MF484,ZPM_PLANNER
MF485,ZPM_TECHNICIAN
MF486,ZPM_PLANNER
MF486,ZPM_ENGINEER
MF487,ZPM_PLANNER
MF488,ZPM_PLANNER
MF489,ZPM_TECHNICIAN
MF490,ZPM_TECHNICIAN
MF491,ZPM_TECHNICIAN
MF492,ZPM_TECHNICIAN
MF493,ZPM_TECHNICIAN
MF494,ZPM_PLANNER
MF494,ZPM_ENGINEER
MF495,ZPM_PLANNER
MF495,ZPM_ENGINEER
MF496,ZPM_PLANNER
MF497,ZPM_TECHNICIAN
MF498,ZPM_PLANNER
MF498,ZPM_ENGINEER
MF499,ZPM_PLANNER
MF500,ZPM_PLANNER
MF501,ZMM_BUYER
MF501,ZPP_PLANNER
MF502,ZMM_BUYER
MF503,ZMM_BUYER
MF504,ZMM_BUYER
MF505,ZMM_BUYER
MF506,ZMM_BUYER
MF507,ZSD_SHIPPING
MF507,ZMM_HANDLER
MF508,ZMM_BUYER
MF509,ZMM_BUYER
MF509,ZFI_AP
MF510,ZMM_BUYER
MF510,ZFI_AP
MF511,ZMM_BUYER
MF512,ZMM_BUYER
MF513,ZMM_BUYER
MF513,ZPP_PLANNER
MF514,ZMM_BUYER
MF515,ZMM_BUYER
MF516,ZMM_BUYER
MF517,ZMM_BUYER
MF518,ZMM_BUYER
MF519,ZSD_SHIPPING
MF519,ZMM_HANDLER
MF520,ZMM_BUYER
MF521,ZMM_BUYER
MF521,ZFI_AP
MF522,ZMM_BUYER
MF522,ZFI_AP
MF523,ZMM_BUYER
MF524,ZMM_BUYER
MF525,ZMM_BUYER
MF525,ZPP_PLANNER
MF526,ZMM_BUYER
MF527,ZMM_BUYER
MF528,ZMM_BUYER
MF529,ZMM_BUYER
MF530,ZMM_BUYER
MF531,ZSD_SHIPPING
MF531,ZMM_HANDLER
MF532,ZMM_BUYER
MF533,ZMM_BUYER
MF533,ZFI_AP
MF534,ZMM_BUYER
MF534,ZFI_AP
MF535,ZMM_BUYER
MF536,ZMM_BUYER
MF537,ZMM_BUYER
MF537,ZPP_PLANNER
MF538,ZMM_BUYER
MF539,ZMM_BUYER
MF540,ZMM_BUYER
MF541,ZMM_BUYER
MF542,ZMM_BUYER
MF543,ZSD_SHIPPING
MF543,ZMM_HANDLER
MF544,ZMM_BUYER
MF545,ZMM_BUYER
MF545,ZFI_AP
MF546,ZMM_BUYER
MF546,ZFI_AP
MF547,ZMM_BUYER
MF548,ZMM_BUYER
MF549,ZMM_BUYER
MF549,ZPP_PLANNER
MF550,ZMM_BUYER
MF551,ZMM_BUYER
MF552,ZMM_BUYER
MF553,ZMM_BUYER
MF554,ZMM_BUYER
MF555,ZSD_SHIPPING
MF555,ZMM_HANDLER
MF556,ZMM_BUYER
MF557,ZMM_BUYER
MF557,ZFI_AP
MF558,ZMM_BUYER
MF558,ZFI_AP
MF559,ZMM_BUYER
MF560,ZMM_BUYER
MF561,ZMM_BUYER
MF561,ZPP_PLANNER
MF562,ZMM_BUYER
MF563,ZMM_BUYER
MF564,ZMM_BUYER
MF565,ZMM_BUYER
MF566,ZMM_BUYER
MF567,ZSD_SHIPPING
MF567,ZMM_HANDLER
MF568,ZMM_BUYER
MF569,ZMM_BUYER
MF569,ZFI_AP
MF570,ZMM_BUYER
MF570,ZFI_AP
MF571,ZMM_BUYER
MF572,ZMM_BUYER
MF573,ZMM_BUYER
MF573,ZPP_PLANNER
MF574,ZMM_BUYER
MF575,ZMM_BUYER
MF576,ZMM_BUYER
MF577,ZMM_BUYER
MF578,ZMM_BUYER
MF579,ZSD_SHIPPING
MF579,ZMM_HANDLER
MF580,ZMM_BUYER
MF581,ZMM_BUYER
MF581,ZFI_AP
MF582,ZMM_BUYER
MF582,ZFI_AP
MF583,ZMM_BUYER
MF584,ZMM_BUYER
MF585,ZMM_BUYER
MF585,ZPP_PLANNER
MF586,ZMM_BUYER
MF587,ZMM_BUYER
MF588,ZMM_BUYER
MF589,ZMM_BUYER
MF590,ZMM_BUYER
MF591,ZMM_WAREHOUSE
MF591,ZMM_INVENTORY
MF592,ZMM_WAREHOUSE
MF593,ZMM_HANDLER
MF594,ZMM_INVENTORY
MF594,ZMM_HANDLER
MF595,ZMM_HANDLER
MF596,ZSD_SHIPPING
MF596,ZMM_HANDLER
MF597,ZMM_HANDLER
MF598,ZMM_INVENTORY
MF598,ZMM_HANDLER
MF599,ZMM_HANDLER
MF600,ZMM_INVENTORY
MF600,ZMM_HANDLER
MF601,ZMM_WAREHOUSE
MF602,ZMM_HANDLER
MF603,ZMM_WAREHOUSE
MF603,ZMM_INVENTORY
MF604,ZMM_WAREHOUSE
MF605,ZMM_HANDLER
MF606,ZMM_INVENTORY
MF606,ZMM_HANDLER
MF607,ZMM_HANDLER
MF608,ZSD_SHIPPING
MF608,ZMM_HANDLER
MF609,ZMM_HANDLER
MF610,ZMM_INVENTORY
MF610,ZMM_HANDLER
MF611,ZMM_HANDLER
MF612,ZMM_INVENTORY
MF612,ZMM_HANDLER
MF613,ZMM_WAREHOUSE
MF614,ZMM_HANDLER
MF615,ZMM_WAREHOUSE
MF615,ZMM_INVENTORY
MF616,ZMM_WAREHOUSE
MF617,ZMM_HANDLER
MF618,ZMM_INVENTORY
MF618,ZMM_HANDLER
MF619,ZMM_HANDLER
MF620,ZSD_SHIPPING
MF620,ZMM_HANDLER
MF621,ZMM_HANDLER
MF622,ZMM_INVENTORY
MF622,ZMM_HANDLER
MF623,ZMM_HANDLER
MF624,ZMM_INVENTORY
MF624,ZMM_HANDLER
MF625,ZMM_WAREHOUSE
MF626,ZMM_HANDLER
MF627,ZMM_WAREHOUSE
MF627,ZMM_INVENTORY
MF628,ZMM_WAREHOUSE
MF629,ZMM_HANDLER
MF630,ZMM_INVENTORY
MF630,ZMM_HANDLER
MF631,ZMM_HANDLER
MF632,ZSD_SHIPPING
MF632,ZMM_HANDLER
MF633,ZMM_HANDLER
MF634,ZMM_INVENTORY
MF634,ZMM_HANDLER
MF635,ZMM_HANDLER
MF636,ZMM_INVENTORY
MF636,ZMM_HANDLER
MF637,ZMM_WAREHOUSE
MF638,ZMM_HANDLER
MF639,ZMM_WAREHOUSE
MF639,ZMM_INVENTORY
MF640,ZMM_WAREHOUSE
MF641,ZMM_HANDLER
MF642,ZMM_INVENTORY
MF642,ZMM_HANDLER
MF643,ZMM_HANDLER
MF644,ZSD_SHIPPING
MF644,ZMM_HANDLER
MF645,ZMM_HANDLER
MF646,ZMM_INVENTORY
MF646,ZMM_HANDLER
MF647,ZMM_HANDLER
MF648,ZMM_INVENTORY
MF648,ZMM_HANDLER
MF649,ZMM_WAREHOUSE
MF650,ZMM_HANDLER
MF651,ZMM_WAREHOUSE
MF651,ZMM_INVENTORY
MF652,ZMM_WAREHOUSE
MF653,ZMM_HANDLER
MF654,ZMM_INVENTORY
MF654,ZMM_HANDLER
MF655,ZMM_HANDLER
MF656,ZSD_SHIPPING
MF656,ZMM_HANDLER
MF657,ZMM_HANDLER
MF658,ZMM_INVENTORY
MF658,ZMM_HANDLER
MF659,ZMM_HANDLER
MF660,ZMM_INVENTORY
MF660,ZMM_HANDLER
MF661,ZMM_WAREHOUSE
MF662,ZMM_HANDLER
MF663,ZMM_WAREHOUSE
MF663,ZMM_INVENTORY
MF664,ZMM_WAREHOUSE
MF665,ZMM_HANDLER
MF666,ZMM_INVENTORY
MF666,ZMM_HANDLER
MF667,ZMM_HANDLER
MF668,ZSD_SHIPPING
MF668,ZMM_HANDLER
MF669,ZMM_HANDLER
MF670,ZMM_INVENTORY
MF670,ZMM_HANDLER
MF671,ZMM_HANDLER
MF672,ZMM_INVENTORY
MF672,ZMM_HANDLER
MF673,ZMM_WAREHOUSE
MF674,ZMM_HANDLER
MF675,ZMM_WAREHOUSE
MF675,ZMM_INVENTORY
MF676,ZMM_WAREHOUSE
MF677,ZMM_HANDLER
MF678,ZMM_INVENTORY
MF678,ZMM_HANDLER
MF679,ZMM_HANDLER
MF680,ZSD_SHIPPING
MF680,ZMM_HANDLER
MF681,ZMM_HANDLER
MF682,ZMM_INVENTORY
MF682,ZMM_HANDLER
MF683,ZMM_HANDLER
MF684,ZMM_INVENTORY
MF684,ZMM_HANDLER
MF685,ZMM_WAREHOUSE
MF686,ZMM_HANDLER
MF687,ZMM_WAREHOUSE
MF687,ZMM_INVENTORY
MF688,ZMM_WAREHOUSE
MF689,ZMM_HANDLER
MF690,ZMM_INVENTORY
MF690,ZMM_HANDLER
MF691,ZMM_HANDLER
MF692,ZSD_SHIPPING
MF692,ZMM_HANDLER
MF693,ZMM_HANDLER
MF694,ZMM_INVENTORY
MF694,ZMM_HANDLER
MF695,ZMM_HANDLER
MF696,ZMM_INVENTORY
MF696,ZMM_HANDLER
MF697,ZMM_WAREHOUSE
MF698,ZMM_HANDLER
MF699,ZMM_WAREHOUSE
MF699,ZMM_INVENTORY
MF700,ZMM_WAREHOUSE
MF701,ZMM_HANDLER
MF702,ZMM_INVENTORY
MF702,ZMM_HANDLER
MF703,ZMM_HANDLER
MF704,ZSD_SHIPPING
MF704,ZMM_HANDLER
MF705,ZMM_HANDLER
MF706,ZMM_INVENTORY
MF706,ZMM_HANDLER
MF707,ZMM_HANDLER
MF708,ZMM_INVENTORY
MF708,ZMM_HANDLER
MF709,ZMM_WAREHOUSE
MF710,ZMM_HANDLER
MF711,ZPP_PLANNER
MF712,ZPP_PLANNER
MF713,ZPP_PLANNER
MF714,ZPP_PLANNER
MF715,ZPP_PLANNER
MF716,ZPP_PLANNER
MF717,ZPP_PLANNER
MF717,ZIT_BASIS
MF718,ZPP_PLANNER
MF719,ZPP_SUPERVISOR
MF719,ZPP_PLANNER
MF720,ZPP_PLANNER
MF721,ZPP_PLANNER
MF721,ZIT_BASIS
MF722,ZPP_PLANNER
MF723,ZPP_PLANNER
MF724,ZPP_PLANNER
MF725,ZPP_PLANNER
MF726,ZPP_PLANNER
MF727,ZPP_PLANNER
MF728,ZPP_PLANNER
MF729,ZPP_PLANNER
MF729,ZIT_BASIS
MF730,ZPP_PLANNER
MF731,ZPP_SUPERVISOR
MF731,ZPP_PLANNER
MF732,ZPP_PLANNER
MF733,ZPP_PLANNER
MF733,ZIT_BASIS
MF734,ZPP_PLANNER
MF735,ZPP_PLANNER
MF736,ZPP_PLANNER
MF737,ZPP_PLANNER
MF738,ZPP_PLANNER
MF739,ZPP_PLANNER
MF740,ZPP_PLANNER
MF741,ZPP_PLANNER
MF741,ZIT_BASIS
MF742,ZPP_PLANNER
MF743,ZPP_SUPERVISOR
MF743,ZPP_PLANNER
MF744,ZPP_PLANNER
MF745,ZPP_PLANNER
MF745,ZIT_BASIS
MF746,ZPP_PLANNER
MF747,ZPP_PLANNER
MF748,ZPP_PLANNER
MF749,ZPP_PLANNER
MF750,ZPP_PLANNER
MF751,ZPP_PLANNER
MF752,ZPP_PLANNER
MF753,ZPP_PLANNER
MF753,ZIT_BASIS
MF754,ZPP_PLANNER
MF755,ZPP_SUPERVISOR
MF755,ZPP_PLANNER
MF756,ZPP_PLANNER
MF757,ZPP_PLANNER
MF757,ZIT_BASIS
MF758,ZPP_PLANNER
MF759,ZPP_PLANNER
MF760,ZPP_PLANNER
MF761,ZPP_PLANNER
MF762,ZPP_PLANNER
MF763,ZPP_PLANNER
MF764,ZPP_PLANNER
MF765,ZPP_PLANNER
MF765,ZIT_BASIS
MF766,ZPP_PLANNER
MF767,ZPP_SUPERVISOR
MF767,ZPP_PLANNER
MF768,ZPP_PLANNER
MF769,ZPP_PLANNER
MF769,ZIT_BASIS
MF770,ZPP_PLANNER
MF771,ZPP_PLANNER
MF772,ZPP_PLANNER
MF773,ZPP_PLANNER
MF774,ZPP_PLANNER
MF775,ZPP_PLANNER
MF776,ZPP_PLANNER
MF777,ZPP_PLANNER
MF777,ZIT_BASIS
MF778,ZPP_PLANNER
MF779,ZPP_SUPERVISOR
MF779,ZPP_PLANNER
MF780,ZPP_PLANNER
MF781,ZEHS_COORD
MF781,ZQM_AUDITOR
MF782,ZEHS_COORD
MF783,ZEHS_COORD
MF784,ZEHS_COORD
MF785,ZEHS_COORD
MF786,ZEHS_COORD
MF787,ZEHS_COORD
MF788,ZEHS_COORD
MF788,ZQM_AUDITOR
MF789,ZEHS_COORD
MF790,ZEHS_COORD
MF791,ZEHS_COORD
MF791,ZQM_AUDITOR
MF792,ZEHS_COORD
MF793,ZEHS_COORD
MF794,ZEHS_COORD
MF795,ZEHS_COORD
MF796,ZEHS_COORD
MF797,ZEHS_COORD
MF798,ZEHS_COORD
MF798,ZQM_AUDITOR
MF799,ZEHS_COORD
MF800,ZEHS_COORD
MF801,ZEHS_COORD
MF801,ZQM_AUDITOR
MF802,ZEHS_COORD
MF803,ZEHS_COORD
MF804,ZEHS_COORD
MF805,ZEHS_COORD
MF806,ZEHS_COORD
MF807,ZEHS_COORD
MF808,ZEHS_COORD
MF808,ZQM_AUDITOR
MF809,ZEHS_COORD
MF810,ZEHS_COORD
MF811,ZEHS_COORD
MF811,ZQM_AUDITOR
MF812,ZEHS_COORD
MF813,ZEHS_COORD
MF814,ZEHS_COORD
MF815,ZEHS_COORD
MF816,ZEHS_COORD
MF817,ZEHS_COORD
MF818,ZEHS_COORD
MF818,ZQM_AUDITOR
MF819,ZEHS_COORD
MF820,ZEHS_COORD
MF821,ZEHS_COORD
MF821,ZQM_AUDITOR
MF822,ZEHS_COORD
MF823,ZEHS_COORD
MF824,ZEHS_COORD
MF825,ZEHS_COORD
MF826,ZHR_ADMIN
MF827,ZHR_ADMIN
MF828,ZHR_ADMIN
MF828,ZFI_AP
MF829,ZHR_ADMIN
MF830,ZHR_ADMIN
MF831,ZHR_ADMIN
MF832,ZHR_ADMIN
MF833,ZHR_ADMIN
MF834,ZHR_ADMIN
MF835,ZHR_ADMIN
MF836,ZHR_ADMIN
MF837,ZHR_ADMIN
MF838,ZHR_ADMIN
MF839,ZHR_ADMIN
MF840,ZHR_ADMIN
MF840,ZFI_AP
MF841,ZHR_ADMIN
MF842,ZHR_ADMIN
MF843,ZHR_ADMIN
MF844,ZHR_ADMIN
MF845,ZHR_ADMIN
MF846,ZHR_ADMIN
MF847,ZHR_ADMIN
MF848,ZHR_ADMIN
MF849,ZHR_ADMIN
MF850,ZHR_ADMIN
MF851,ZHR_ADMIN
MF852,ZHR_ADMIN
MF852,ZFI_AP
MF853,ZHR_ADMIN
MF854,ZHR_ADMIN
MF855,ZHR_ADMIN
MF856,ZHR_ADMIN
MF857,ZHR_ADMIN
MF858,ZHR_ADMIN
MF859,ZHR_ADMIN
MF860,ZHR_ADMIN
MF861,ZHR_ADMIN
MF862,ZHR_ADMIN
MF863,ZHR_ADMIN
MF864,ZHR_ADMIN
MF864,ZFI_AP
MF865,ZHR_ADMIN
MF866,ZHR_ADMIN
MF867,ZHR_ADMIN
MF868,ZHR_ADMIN
MF869,ZHR_ADMIN
MF870,ZHR_ADMIN
MF871,ZHR_ADMIN
MF872,ZHR_ADMIN
MF873,ZHR_ADMIN
MF874,ZHR_ADMIN
MF875,ZHR_ADMIN
MF876,ZHR_ADMIN
MF876,ZFI_AP
MF877,ZHR_ADMIN
MF878,ZHR_ADMIN
MF879,ZHR_ADMIN
MF880,ZHR_ADMIN
MF881,ZFI_GL
MF881,ZFI_COST
MF882,ZFI_COST
MF883,ZFI_AP
MF884,ZFI_GL
MF885,ZFI_GL
MF886,ZFI_GL
MF887,ZFI_GL
MF887,ZFI_COST
MF888,ZFI_COST
MF889,ZFI_GL
MF890,ZFI_GL
MF891,ZFI_GL
MF891,ZFI_COST
MF892,ZFI_GL
MF893,ZFI_GL
MF893,ZFI_COST
MF894,ZFI_COST
MF895,ZFI_AP
MF896,ZFI_GL
MF897,ZFI_GL
MF898,ZFI_GL
MF899,ZFI_GL
MF899,ZFI_COST
MF900,ZFI_COST
MF901,ZFI_GL
MF902,ZFI_GL
MF903,ZFI_GL
MF903,ZFI_COST
MF904,ZFI_GL
MF905,ZFI_GL
MF905,ZFI_COST
MF906,ZFI_COST
MF907,ZFI_AP
MF908,ZFI_GL
MF909,ZFI_GL
MF910,ZFI_GL
MF911,ZFI_GL
MF911,ZFI_COST
MF912,ZFI_COST
MF913,ZFI_GL
MF914,ZFI_GL
MF915,ZFI_GL
MF915,ZFI_COST
MF916,ZFI_GL
MF917,ZFI_GL
MF917,ZFI_COST
MF918,ZFI_COST
MF919,ZFI_AP
MF920,ZFI_GL
MF921,ZFI_GL
MF922,ZFI_GL
MF923,ZFI_GL
MF923,ZFI_COST
MF924,ZFI_COST
MF925,ZFI_GL
MF926,ZFI_GL
MF927,ZFI_GL
MF927,ZFI_COST
MF928,ZFI_GL
MF929,ZFI_GL
MF929,ZFI_COST
MF930,ZFI_COST
MF931,ZFI_AP
MF932,ZFI_GL
MF933,ZFI_GL
MF934,ZFI_GL
MF935,ZFI_GL
MF935,ZFI_COST
MF936,ZFI_COST
MF937,ZFI_GL
MF938,ZFI_GL
MF939,ZFI_GL
MF939,ZFI_COST
MF940,ZFI_GL
MF941,ZFI_GL
MF941,ZFI_COST
MF942,ZFI_COST
MF943,ZFI_AP
MF944,ZFI_GL
MF945,ZFI_GL
MF946,ZFI_GL
MF947,ZFI_GL
MF947,ZFI_COST
MF948,ZFI_COST
MF949,ZFI_GL
MF950,ZFI_GL
MF951,ZIT_BASIS
MF952,ZIT_BASIS
MF953,ZIT_BASIS
MF954,ZIT_BASIS
MF955,ZIT_BASIS
MF956,ZIT_BASIS
MF957,ZIT_BASIS
MF958,ZIT_BASIS
MF959,ZIT_BASIS
MF960,ZIT_BASIS
MF961,ZIT_BASIS
MF962,ZIT_BASIS
MF963,ZIT_BASIS
MF964,ZIT_BASIS
MF965,ZIT_BASIS
MF966,ZIT_BASIS
MF967,ZIT_BASIS
MF968,ZIT_BASIS
MF969,ZIT_BASIS
MF970,ZIT_BASIS
MF971,ZIT_BASIS
MF972,ZIT_BASIS
MF973,ZIT_BASIS
MF974,ZIT_BASIS
MF975,ZIT_BASIS
MF976,ZIT_BASIS
MF977,ZIT_BASIS
MF978,ZIT_BASIS
MF979,ZIT_BASIS
MF980,ZIT_BASIS
MF981,ZIT_BASIS
MF982,ZIT_BASIS
MF983,ZIT_BASIS
MF984,ZIT_BASIS
MF985,ZIT_BASIS
MF986,ZIT_BASIS
MF987,ZIT_BASIS
MF988,ZIT_BASIS
MF989,ZIT_BASIS
MF990,ZIT_BASIS
MF991,ZIT_BASIS
MF992,ZIT_BASIS
MF993,ZIT_BASIS
MF994,ZIT_BASIS
MF995,ZIT_BASIS
MF996,ZIT_BASIS
MF997,ZIT_BASIS
MF998,ZIT_BASIS
MF999,ZIT_BASIS
MF1000,ZIT_BASIS
